threads,context,engine_tps,engine_min,engine_max,percent_of_ceiling,llama_tps,eager_tps,engine_over_llama
1,128,44.817757817492165,44.776681199964685,45.45539877634975,56.87431599455092,52.1391,11.79812236363029,0.8595805799772563
1,1024,31.940018944104335,31.630299054889626,31.953935845164327,42.319307878441535,40.2696,11.07946400710781,0.7931546115209571
1,4096,16.203580554616074,16.1537954239389,16.217433488007647,24.57737640590646,24.6699,7.134890610670979,0.6568158182488002
2,128,69.03274591169418,68.80971839562538,69.52407123227766,83.06557792761659,61.7625,17.70904515624333,1.1177129473660259
2,1024,48.59952554530938,47.33529142472145,49.52707355842375,61.05697693632589,51.4715,16.4657090340646,0.9442026275766081
2,4096,25.57136449050242,24.957328700308906,25.725673661494483,36.777170415455444,34.6009,9.946021363131395,0.7390375536619689
4,128,68.2079759405914,67.9795630490372,68.30188173263655,83.11905730524249,68.1245,22.486143398987842,1.0012253439011134
4,1024,53.63617389839847,53.31665108637492,54.34735423968262,68.24338537051109,58.3003,20.190321949876708,0.919998248695092
4,4096,30.6743739251963,30.20951052676167,32.18972527507956,44.67860672590572,41.9999,11.955563138504317,0.7303439752284244
6,128,65.55439218360894,64.16801290489325,66.18489194658677,78.01648878031023,68.5305,19.312202801342682,0.9565725068926819
6,1024,51.159190681939194,48.509360411662556,52.163827450939685,63.569031788121045,61.0345,17.59157492507333,0.8382011924721132
6,4096,31.689482430518098,31.659914203888274,31.822013432688426,45.07733358989266,44.0632,11.814731261472916,0.7191825021904468
12,128,25.49147183287796,24.120071052362604,28.441945193836375,29.742310192400666,25.6121,7.697055339655399,0.9952901883437109
12,1024,21.1048404277327,19.01453326174393,21.775318114057228,25.709828860605214,20.6145,6.018488821734323,1.0237861906780519
12,4096,11.935310028845809,10.87077174750968,12.360981554611895,16.644546197220407,17.8416,4.801023269455252,0.6689596240721577
